"n","mean","sd","min","max","skew","kurtosis","se"
688,-0.00138750131527981,0.985294463638604,-2.18899920045261,3.35439018702886,0.231875137297096,-0.182299345063916,0.0375639992653794
