"sex","n","mean_theta","sd_theta","comparison"
"F",441,0.0733097560251808,0.930907304548292,"sex_M_vs_F"
"M",247,-0.134753859562823,1.06456283796134,"sex_M_vs_F"
